symbol,multiplier,period
20MICRONS,1.5,17
21STCENMGM,1.5,17
360ONE,3.0,11
3IINFOLTD,1.5,20
3MINDIA,3.0,9
3PLAND,3.0,18
5PAISA,2.5,9
63MOONS,1.5,7
A2ZINFRA,1.5,8
AAATECH,1.5,20
AAKASH,2.0,21
AAREYDRUGS,3.0,11
AARON,3.0,19
AARTECH,1.5,17
AARTIDRUGS,2.5,9
AARTIIND,3.0,16
AARTIPHARM,2.0,15
AARTISURF,1.5,14
AARVEEDEN,2.5,7
AARVI,1.5,20
AAVAS,2.5,13
ABAN,1.5,9
ABB,2.0,7
ABBOTINDIA,1.5,19
ABCAPITAL,1.5,21
ABFRL,1.5,18
ABMINTLLTD,3.0,14
ABSLAMC,2.5,16
ABSLBANETF,2.0,14
ABSLLIQUID,3.0,7
ABSLNN50ET,3.0,16
ACC,2.0,17
ACCELYA,1.5,19
ACCURACY,1.5,8
ACE,1.5,18
ACEINTEG,1.5,19
ACI,1.5,20
ACL,1.5,9
ACLGATI,3.0,7
ADANIENSOL,1.5,13
ADANIENT,1.5,13
ADANIGREEN,1.5,11
ADANIPORTS,2.0,7
ADANIPOWER,1.5,8
ADFFOODS,3.0,13
ADL,2.5,7
ADORWELD,3.0,13
ADROITINFO,1.5,10
ADSL,1.5,17
ADVANIHOTR,3.0,7
ADVENZYMES,1.5,7
AEGISCHEM,1.5,21
AEROFLEX,3.0,14
AETHER,3.0,19
AFFLE,3.0,17
AGARIND,2.0,7
AGI,1.5,7
AGRITECH,1.5,16
AGROPHOS,1.5,20
AGSTRA,1.5,18
AHL,1.5,10
AHLADA,1.5,18
AHLEAST,3.0,7
AHLUCONT,1.5,17
AIAENG,2.5,13
AIRAN,1.5,15
AIROLAM,3.0,11
AJANTPHARM,3.0,19
AJMERA,1.5,10
AJOONI,1.5,17
AKASH,2.5,12
AKG,1.5,17
AKI,1.5,13
AKSHAR,3.0,20
AKSHARCHEM,1.5,8
AKSHOPTFBR,1.5,14
AKZOINDIA,1.5,21
ALANKIT,1.5,11
ALBERTDAVD,1.5,12
ALEMBICLTD,1.5,11
ALICON,3.0,8
ALKALI,2.5,10
ALKEM,2.5,8
ALKYLAMINE,3.0,7
ALLCARGO,3.0,7
ALLSEC,3.0,8
ALMONDZ,3.0,9
ALOKINDS,1.5,7
ALPA,1.5,7
ALPHAETF,2.0,9
ALPHAGEO,1.5,7
ALPL30IETF,1.5,17
ALPSINDUS,2.5,17
AMBER,3.0,21
AMBICAAGAR,1.5,21
AMBIKCO,2.5,21
AMBUJACEM,3.0,17
AMDIND,1.5,8
AMIORG,3.0,21
AMJLAND,3.0,11
AMNPLST,3.0,7
AMRUTANJAN,2.0,20
ANANDRATHI,3.0,17
ANANTRAJ,1.5,12
ANDHRAPAP,3.0,11
ANDHRSUGAR,2.0,8
ANGELONE,2.0,9
ANIKINDS,2.5,7
ANKITMETAL,3.0,11
ANMOL,2.5,20
ANTGRAPHIC,1.5,7
ANUP,3.0,8
ANURAS,3.0,16
APARINDS,1.5,7
APCL,1.5,17
APCOTEXIND,2.5,7
APEX,1.5,13
APLAPOLLO,2.0,19
APLLTD,3.0,13
APOLLO,2.0,16
APOLLOHOSP,1.5,12
APOLLOPIPE,3.0,19
APOLLOTYRE,3.0,20
APOLSINHOT,1.5,10
APTECHT,1.5,21
APTUS,2.5,14
ARCHIDPLY,3.0,9
ARCHIES,1.5,12
ARE&M,1.5,19
ARENTERP,1.5,9
ARIES,3.0,8
ARIHANTCAP,3.0,9
ARIHANTSUP,1.5,9
ARMANFIN,1.5,7
AROGRANITE,3.0,11
ARROWGREEN,1.5,12
ARSHIYA,1.5,16
ARSSINFRA,1.5,7
ARTEMISMED,2.5,21
ARTNIRMAN,2.5,18
ARVEE,1.5,7
ARVIND,2.0,19
ARVINDFASN,3.0,16
ARVSMART,2.5,8
ASAHIINDIA,1.5,12
ASAHISONG,3.0,19
ASAL,2.5,7
ASALCBR,2.0,18
ASHAPURMIN,1.5,18
ASHIANA,2.5,14
ASHIMASYN,1.5,17
ASHOKA,2.0,11
ASHOKAMET,1.5,13
ASHOKLEY,1.5,8
ASIANENE,2.0,21
ASIANHOTNR,3.0,7
ASIANPAINT,2.5,15
ASIANTILES,1.5,18
ASKAUTOLTD,2.5,20
ASMS,1.5,19
ASPINWALL,2.0,14
ASTEC,1.5,18
ASTERDM,3.0,13
ASTRAL,3.0,7
ASTRAMICRO,3.0,7
ASTRAZEN,3.0,14
ASTRON,2.5,11
ATALREAL,3.0,9
ATAM,1.5,14
ATFL,2.0,7
ATGL,3.0,8
ATL,1.5,18
ATLANTAA,1.5,7
ATUL,3.0,15
ATULAUTO,2.0,10
AUBANK,2.5,12
AURIONPRO,3.0,7
AUROPHARMA,2.0,13
AURUM,3.0,8
AUSOMENT,1.5,17
AUTOAXLES,1.5,21
AUTOBEES,3.0,16
AUTOIETF,2.5,7
AUTOIND,1.5,19
AVADHSUGAR,1.5,9
AVALON,2.5,12
AVANTIFEED,1.5,21
AVG,1.5,15
AVONMORE,1.5,14
AVROIND,2.0,21
AVTNPL,3.0,13
AWHCL,1.5,14
AWL,1.5,8
AXISBANK,1.5,10
AXISBNKETF,1.5,8
AXISBPSETF,3.0,7
AXISCADES,2.0,18
AXISCETF,3.0,12
AXISGOLD,1.5,10
AXISHCETF,2.5,7
AXISILVER,1.5,10
AXISNIFTY,3.0,17
AXISTECETF,2.0,10
AXITA,1.5,18
AXSENSEX,3.0,7
AYMSYNTEX,2.5,12
AZAD,1.5,14
BAFNAPH,1.5,15
BAGFILMS,1.5,13
BAIDFIN,2.5,18
BAJAJ-AUTO,3.0,10
BAJAJCON,1.5,7
BAJAJELEC,1.5,18
BAJAJFINSV,3.0,16
BAJAJHCARE,2.0,10
BAJAJHIND,1.5,9
BAJAJHLDNG,3.0,15
BAJEL,1.5,11
BAJFINANCE,2.0,21
BALAJITELE,1.5,9
BALAMINES,2.5,20
BALAXI,2.0,7
BALKRISHNA,2.0,7
BALKRISIND,1.5,11
BALMLAWRIE,1.5,11
BALPHARMA,2.5,8
BALRAMCHIN,3.0,8
BANARBEADS,3.0,7
BANARISUG,3.0,8
BANCOINDIA,1.5,8
BANDHANBNK,2.0,12
BANG,3.0,13
BANKA,1.5,12
BANKBARODA,3.0,9
BANKBEES,2.5,18
BANKBETF,3.0,9
BANKETF,1.5,18
BANKETFADD,2.5,20
BANKIETF,2.5,18
BANKINDIA,1.5,10
BANSWRAS,2.5,8
BARBEQUE,2.5,20
BASF,2.5,7
BASML,3.0,7
BATAINDIA,3.0,10
BAYERCROP,2.0,17
BBETF0432,3.0,8
BBL,3.0,10
BBNPPGOLD,2.0,13
BBOX,2.0,10
BBTC,1.5,19
BBTCL,2.5,7
BCG,1.5,16
BCLIND,3.0,10
BCONCEPTS,2.0,15
BDL,1.5,21
BEARDSELL,2.0,12
BECTORFOOD,3.0,11
BEDMUTHA,3.0,21
BEL,3.0,17
BEML,2.5,11
BEPL,2.0,7
BERGEPAINT,3.0,11
BFINVEST,1.5,20
BFSI,2.0,21
BFUTILITIE,2.0,19
BGRENERGY,1.5,9
BHAGCHEM,1.5,21
BHAGERIA,1.5,8
BHAGYANGR,2.5,19
BHANDARI,1.5,8
BHARATFORG,2.0,15
BHARATGEAR,1.5,16
BHARATRAS,2.0,16
BHARATWIRE,1.5,16
BHARTIARTL,2.5,12
BHEL,2.5,16
BIGBLOC,3.0,17
BIKAJI,3.0,7
BIL,1.5,18
BINANIIND,1.5,7
BIOCON,3.0,20
BIOFILCHEM,2.0,12
BIRLACABLE,2.0,7
BIRLACORPN,2.5,19
BIRLAMONEY,2.5,20
BKMINDST,2.0,20
BLAL,1.5,21
BLBLIMITED,2.5,8
BLISSGVS,2.0,16
BLKASHYAP,1.5,14
BLS,3.0,7
BLSE,2.5,7
BLUECHIP,2.0,8
BLUEDART,1.5,9
BLUEJET,1.5,7
BLUESTARCO,1.5,16
BODALCHEM,1.5,11
BOHRAIND,3.0,14
BOMDYEING,3.0,18
BOROLTD,3.0,10
BORORENEW,1.5,20
BOSCHLTD,1.5,16
BPCL,1.5,9
BPL,1.5,12
BRIGADE,1.5,14
BRITANNIA,2.0,7
BRNL,1.5,21
BROOKS,1.5,20
BSE,2.0,19
BSE500IETF,1.5,15
BSHSL,2.5,14
BSL,2.5,13
BSLGOLDETF,3.0,9
BSLNIFTY,2.0,9
BSLSENETFG,1.5,10
BSOFT,1.5,19
BTML,2.5,17
BURNPUR,1.5,14
BUTTERFLY,3.0,9
BVCL,3.0,21
BYKE,3.0,8
CALSOFT,1.5,17
CAMLINFINE,1.5,19
CAMPUS,3.0,16
CAMS,2.0,13
CANBK,1.5,9
CANFINHOME,2.0,17
CANTABIL,3.0,10
CAPACITE,1.5,7
CAPITALSFB,1.5,7
CAPLIPOINT,2.5,10
CAPTRUST,2.5,20
CARBORUNIV,2.5,21
CAREERP,3.0,9
CARERATING,2.5,12
CARTRADE,2.0,15
CARYSIL,2.5,10
CASTROLIND,1.5,9
CCHHL,1.5,14
CCL,2.5,9
CDSL,1.5,20
CEATLTD,2.5,17
CELEBRITY,2.0,17
CELLO,2.0,21
CENTENKA,1.5,12
CENTEXT,1.5,8
CENTRALBK,2.0,19
CENTRUM,2.0,9
CENTUM,3.0,10
CENTURYPLY,3.0,15
CENTURYTEX,3.0,10
CERA,2.0,7
CEREBRAINT,2.5,9
CESC,2.0,17
CGCL,2.0,10
CGPOWER,2.0,9
CHALET,1.5,8
CHAMBLFERT,2.0,11
CHEMBOND,1.5,13
CHEMCON,1.5,14
CHEMFAB,1.5,20
CHEMPLASTS,3.0,7
CHENNPETRO,1.5,12
CHEVIOT,3.0,7
CHOICEIN,1.5,20
CHOLAFIN,2.5,21
CHOLAHLDNG,2.0,16
CIEINDIA,3.0,12
CIGNITITEC,3.0,9
CINELINE,3.0,16
CINEVISTA,2.0,12
CIPLA,2.5,7
CLEAN,1.5,11
CLEDUCATE,2.5,21
CLSEL,1.5,12
CMSINFO,3.0,14
COALINDIA,3.0,12
COASTCORP,3.0,20
COCHINSHIP,2.5,15
COFFEEDAY,1.5,9
COFORGE,1.5,19
COLPAL,3.0,7
COMMOIETF,1.5,8
COMPINFO,3.0,9
COMPUSOFT,1.5,19
COMSYN,2.5,7
CONCOR,2.0,20
CONCORDBIO,2.0,20
CONFIPET,1.5,14
CONSOFINVT,3.0,8
CONSUMBEES,3.0,7
CONSUMIETF,1.5,18
CONTROLPR,3.0,7
CORALFINAC,1.5,16
CORDSCABLE,1.5,19
COROMANDEL,2.0,17
COSMOFIRST,1.5,19
COUNCODOS,3.0,10
CPSEETF,2.0,18
CRAFTSMAN,1.5,8
CREATIVE,2.0,9
CREATIVEYE,3.0,9
CREDITACC,3.0,18
CREST,2.0,12
CRISIL,2.5,9
CROMPTON,3.0,9
CROWN,1.5,10
CSBBANK,3.0,21
CSLFINANCE,2.0,21
CTE,3.0,9
CUB,2.0,21
CUBEXTUB,2.5,15
CUMMINSIND,3.0,12
CUPID,3.0,9
CYBERMEDIA,2.0,8
CYBERTECH,3.0,9
CYIENT,1.5,17
CYIENTDLM,3.0,19
DABUR,2.5,10
DALBHARAT,1.5,15
DALMIASUG,1.5,7
DAMODARIND,2.5,21
DANGEE,3.0,19
DATAMATICS,3.0,16
DATAPATTNS,1.5,12
DAVANGERE,1.5,7
DBCORP,2.5,21
DBL,3.0,7
DBOL,3.0,17
DBREALTY,2.0,20
DBSTOCKBRO,2.5,17
DCAL,2.5,9
DCBBANK,3.0,11
DCI,1.5,7
DCM,1.5,21
DCMFINSERV,3.0,15
DCMNVL,1.5,20
DCMSHRIRAM,1.5,21
DCMSRIND,1.5,14
DCW,1.5,12
DCXINDIA,2.0,15
DECCANCE,3.0,14
DEEPAKFERT,1.5,17
DEEPAKNTR,1.5,18
DEEPENR,1.5,7
DEEPINDS,3.0,13
DELHIVERY,2.5,17
DELPHIFX,3.0,7
DELTACORP,1.5,17
DELTAMAGNT,3.0,9
DEN,3.0,18
DENORA,3.0,15
DEVIT,1.5,21
DEVYANI,2.0,9
DGCONTENT,1.5,21
DHAMPURSUG,2.0,14
DHANBANK,1.5,10
DHANI,1.5,13
DHANUKA,1.5,9
DHARMAJ,1.5,9
DHRUV,2.5,11
DHUNINV,2.5,19
DIACABS,1.5,8
DIAMINESQ,1.5,14
DIAMONDYD,3.0,17
DICIND,3.0,14
DIGIDRIVE,3.0,19
DIGISPICE,1.5,8
DIGJAMLMTD,1.5,15
DIL,3.0,13
DISHTV,3.0,15
DIVGIITTS,3.0,15
DIVISLAB,2.0,7
DIVOPPBEES,3.0,12
DIXON,2.5,21
DJML,2.0,15
DLF,3.0,7
DLINKINDIA,3.0,7
DMART,2.5,7
DMCC,1.5,19
DNAMEDIA,3.0,7
DODLA,1.5,15
DOLATALGO,3.0,7
DOLLAR,1.5,8
DOLPHIN,2.5,8
DOMS,2.0,7
DONEAR,1.5,9
DPABHUSHAN,2.5,11
DPSCLTD,3.0,17
DPWIRES,3.0,21
DRCSYSTEMS,2.0,8
DREAMFOLKS,2.0,15
DREDGECORP,1.5,8
DRREDDY,1.5,19
DSSL,2.5,8
DTIL,2.5,9
DUCON,1.5,17
DVL,3.0,7
DWARKESH,2.0,7
DYCL,2.0,17
DYNAMATECH,2.5,7
DYNPRO,3.0,14
E2E,1.5,9
EASEMYTRIP,3.0,19
EBBETF0425,2.5,20
EBBETF0430,1.5,7
EBBETF0431,3.0,7
EBBETF0433,3.0,12
ECLERX,3.0,21
EDELWEISS,1.5,9
EDUCOMP,1.5,13
EGOLD,1.5,20
EICHERMOT,2.0,8
EIDPARRY,3.0,15
EIFFL,3.0,7
EIHAHOTELS,1.5,13
EIHOTEL,3.0,10
EIMCOELECO,3.0,14
EKC,2.0,12
ELDEHSG,2.5,12
ELECON,1.5,10
ELECTCAST,3.0,7
ELECTHERM,1.5,10
ELGIEQUIP,3.0,7
ELGIRUBCO,2.5,21
ELIN,2.0,20
EMAMILTD,2.0,12
EMAMIPAP,1.5,14
EMAMIREAL,1.5,10
EMIL,3.0,14
EMKAY,3.0,10
EMMBI,3.0,17
EMSLIMITED,1.5,9
EMUDHRA,2.5,18
ENDURANCE,3.0,16
ENERGYDEV,1.5,18
ENGINERSIN,1.5,21
ENIL,3.0,18
ENTERO,2.5,7
EPACK,1.5,7
EPIGRAL,2.0,19
EPL,3.0,15
EQUIPPP,2.5,8
EQUITASBNK,1.5,21
ERIS,2.0,11
EROSMEDIA,1.5,11
ESABINDIA,1.5,14
ESAFSFB,1.5,21
ESCORTS,1.5,14
ESG,1.5,8
ESILVER,2.0,21
ESSARSHPNG,2.0,13
ESSENTIA,2.0,14
ESTER,2.0,7
ETHOSLTD,2.0,14
EUROTEXIND,2.5,7
EVEREADY,1.5,21
EVERESTIND,3.0,21
EXCEL,3.0,8
EXCELINDUS,1.5,13
EXIDEIND,1.5,10
EXPLEOSOL,3.0,14
EXXARO,1.5,11
FACT,1.5,13
FAIRCHEMOR,3.0,9
FAZE3Q,3.0,9
FCL,3.0,15
FCONSUMER,1.5,19
FCSSOFT,3.0,12
FDC,1.5,21
FEDERALBNK,2.0,13
FEDFINA,2.5,7
FEL,2.5,13
FELDVR,1.5,11
FIBERWEB,3.0,10
FIEMIND,2.5,20
FILATEX,3.0,7
FINCABLES,2.0,14
FINEORG,3.0,17
FINIETF,1.5,7
FINOPB,3.0,8
FINPIPE,3.0,12
FIVESTAR,1.5,19
FLAIR,2.0,8
FLEXITUFF,1.5,16
FLFL,1.5,20
FLUOROCHEM,1.5,17
FMCGIETF,2.0,7
FMGOETZE,2.0,7
FMNL,1.5,9
FOCUS,2.5,16
FOODSIN,3.0,7
FORTIS,2.5,19
FOSECOIND,3.0,10
FRETAIL,2.5,16
FSC,1.5,8
FSL,2.5,21
FUSION,2.5,19
GABRIEL,1.5,8
GAEL,1.5,7
GAIL,1.5,7
GALAXYSURF,1.5,12
GALLANTT,2.5,20
GANDHAR,2.0,16
GANDHITUBE,1.5,7
GANECOS,3.0,10
GANESHBE,2.5,18
GANESHHOUC,1.5,7
GANGAFORGE,1.5,13
GANGESSECU,3.0,7
GARFIBRES,1.5,20
GATECH,1.5,20
GATECHDVR,1.5,16
GATEWAY,2.0,20
GEECEE,3.0,19
GEEKAYWIRE,2.5,17
GENCON,2.5,9
GENESYS,1.5,7
GENSOL,1.5,10
GENUSPAPER,1.5,10
GENUSPOWER,3.0,18
GEOJITFSL,1.5,11
GEPIL,2.0,20
GESHIP,2.0,9
GET&D,3.0,21
GFLLIMITED,1.5,7
GHCL,1.5,9
GHCLTEXTIL,3.0,16
GICHSGFIN,1.5,8
GICRE,1.5,9
GILLANDERS,2.5,11
GILLETTE,2.5,7
GILT5YBEES,3.0,9
GINNIFILA,1.5,7
GIPCL,2.0,9
GKWLIMITED,3.0,7
GLAND,3.0,15
GLAXO,2.0,12
GLENMARK,3.0,15
GLFL,1.5,17
GLOBAL,2.0,20
GLOBALVECT,1.5,7
GLOBE,1.5,7
GLOBUSSPR,1.5,7
GLS,2.0,21
GMBREW,1.5,13
GMDCLTD,1.5,11
GMMPFAUDLR,1.5,11
GMRINFRA,2.0,7
GMRP&UI,1.5,12
GNA,1.5,19
GNFC,2.0,20
GOACARBON,1.5,8
GOCLCORP,1.5,9
GOCOLORS,1.5,21
GODFRYPHLP,1.5,8
GODHA,3.0,7
GODREJAGRO,1.5,10
GODREJCP,1.5,9
GODREJIND,2.0,15
GODREJPROP,2.5,20
GOENKA,3.0,10
GOKEX,1.5,13
GOKUL,3.0,8
GOKULAGRO,2.0,18
GOLDBEES,3.0,11
GOLDCASE,1.5,7
GOLDENTOBC,2.0,12
GOLDETF,3.0,8
GOLDETFADD,2.5,10
GOLDIAM,3.0,7
GOLDIETF,3.0,12
GOLDSHARE,1.5,7
GOLDTECH,1.5,17
GOODLUCK,3.0,9
GOYALALUM,1.5,9
GPIL,1.5,15
GPPL,1.5,12
GPTHEALTH,3.0,10
GPTINFRA,2.5,7
GRANULES,2.5,13
GRAPHITE,2.0,21
GRASIM,1.5,13
GRAVITA,1.5,19
GREAVESCOT,1.5,10
GREENLAM,3.0,19
GREENPANEL,2.0,10
GREENPLY,1.5,15
GREENPOWER,1.5,17
GRINDWELL,3.0,10
GRINFRA,2.5,9
GRMOVER,1.5,8
GROBTEA,3.0,9
GRPLTD,2.5,9
GRSE,3.0,21
GRWRHITECH,3.0,16
GSEC10IETF,3.0,8
GSEC10YEAR,3.0,8
GSEC5IETF,3.0,11
GSFC,2.5,11
GSLSU,1.5,15
GSPL,2.5,14
GSS,3.0,18
GTECJAINX,2.5,8
GTL,1.5,15
GTLINFRA,3.0,7
GTPL,2.0,10
GUFICBIO,3.0,11
GUJALKALI,3.0,19
GUJAPOLLO,2.5,8
GUJGASLTD,1.5,19
GUJRAFFIA,1.5,21
GULFOILLUB,3.0,17
GULFPETRO,2.5,16
GULPOLY,2.5,10
GVKPIL,1.5,21
GVPTECH,1.5,18
HAL,1.5,21
HAPPSTMNDS,2.0,12
HAPPYFORGE,2.5,11
HARDWYN,1.5,7
HARIOMPIPE,3.0,21
HARRMALAYA,2.0,16
HARSHA,1.5,9
HATHWAY,3.0,7
HATSUN,2.0,8
HAVELLS,2.0,9
HAVISHA,2.5,7
HBLPOWER,1.5,12
HBSL,1.5,17
HCC,2.0,15
HCG,2.0,12
HCL-INSYS,1.5,20
HCLTECH,3.0,17
HDFCAMC,1.5,18
HDFCBANK,2.5,16
HDFCBSE500,2.5,9
HDFCGOLD,1.5,10
HDFCLIFE,2.5,9
HDFCLIQUID,3.0,17
HDFCLOWVOL,2.5,20
HDFCMOMENT,3.0,17
HDFCNEXT50,3.0,9
HDFCNIF100,3.0,13
HDFCNIFIT,2.5,8
HDFCNIFTY,1.5,13
HDFCPSUBK,1.5,8
HDFCPVTBAN,3.0,16
HDFCSENSEX,3.0,10
HDFCSILVER,1.5,11
HDFCSML250,1.5,17
HEADSUP,2.0,9
HEALTHADD,2.0,7
HEALTHIETF,2.5,7
HEALTHY,2.0,16
HECPROJECT,2.0,11
HEG,2.0,21
HEIDELBERG,2.5,11
HEMIPROP,2.0,14
HERANBA,3.0,11
HERCULES,2.0,16
HERITGFOOD,2.5,7
HEROMOTOCO,2.0,12
HESTERBIO,3.0,8
HEUBACHIND,2.0,17
HEXATRADEX,1.5,14
HFCL,1.5,17
HGINFRA,1.5,19
HGS,1.5,8
HIKAL,3.0,8
HIL,1.5,11
HILTON,3.0,8
HIMATSEIDE,1.5,18
HINDALCO,1.5,16
HINDCOMPOS,3.0,14
HINDCON,2.5,15
HINDCOPPER,1.5,14
HINDMOTORS,2.5,11
HINDOILEXP,1.5,18
HINDPETRO,1.5,7
HINDUNILVR,2.0,14
HINDWAREAP,2.0,21
HINDZINC,3.0,13
HIRECT,2.0,13
HISARMETAL,1.5,7
HITECH,1.5,12
HITECHCORP,3.0,15
HITECHGEAR,2.5,7
HLEGLAS,1.5,18
HLVLTD,1.5,7
HMAAGRO,2.0,12
HMT,1.5,13
HMVL,3.0,7
HNDFDS,1.5,7
HNGSNGBEES,3.0,16
HOMEFIRST,1.5,21
HONASA,1.5,7
HONAUT,1.5,10
HONDAPOWER,3.0,18
HOVS,2.0,8
HPAL,1.5,16
HPIL,3.0,13
HPL,1.5,11
HSCL,2.0,19
HTMEDIA,2.0,12
HUBTOWN,1.5,12
HUDCO,1.5,13
HUHTAMAKI,2.5,9
HYBRIDFIN,3.0,7
IBREALEST,2.0,21
IBULHSGFIN,1.5,9
ICDSLTD,2.0,7
ICEMAKE,2.0,20
ICICIB22,3.0,20
ICICIBANK,2.0,8
ICICIGI,2.5,18
ICICIPRULI,2.0,21
ICIL,3.0,13
ICRA,1.5,10
IDBI,1.5,14
IDEA,3.0,7
IDEAFORGE,2.5,13
IDFC,3.0,7
IDFCFIRSTB,1.5,12
IDFNIFTYET,3.0,12
IEL,1.5,7
IEX,2.0,9
IFBAGRO,2.0,19
IFBIND,2.0,21
IFCI,1.5,16
IFGLEXPOR,2.0,8
IGARASHI,2.0,20
IGL,3.0,20
IGPL,3.0,20
IIFL,1.5,21
IIFLSEC,1.5,12
IITL,3.0,7
IKIO,3.0,13
IL&FSENGG,1.5,9
IL&FSTRANS,1.5,7
IMAGICAA,1.5,15
IMFA,2.5,21
IMPAL,3.0,20
IMPEXFERRO,3.0,9
INCREDIBLE,1.5,13
INDBANK,2.0,8
INDHOTEL,2.0,7
INDIACEM,1.5,18
INDIAGLYCO,2.5,20
INDIAMART,2.0,7
INDIANB,1.5,16
INDIANCARD,2.5,10
INDIANHUME,1.5,14
INDIASHLTR,2.0,9
INDIGO,2.5,10
INDIGOPNTS,2.0,21
INDNIPPON,3.0,20
INDOAMIN,2.0,10
INDOBORAX,3.0,21
INDOCO,1.5,19
INDORAMA,3.0,9
INDOSTAR,1.5,12
INDOTECH,1.5,19
INDOTHAI,2.0,10
INDOWIND,1.5,9
INDRAMEDCO,2.5,8
INDSWFTLAB,1.5,10
INDSWFTLTD,1.5,11
INDTERRAIN,2.5,20
INDUSINDBK,3.0,13
INDUSTOWER,3.0,12
INFIBEAM,2.0,7
INFOBEAN,1.5,21
INFRABEES,3.0,7
INFY,2.5,17
INGERRAND,2.5,7
INNOVACAP,1.5,11
INOXGREEN,2.5,19
INOXINDIA,2.5,18
INOXWIND,1.5,11
INSECTICID,2.5,9
INTELLECT,3.0,7
INTENTECH,1.5,15
INTLCONV,3.0,8
INVENTURE,2.0,8
IOB,2.0,20
IOC,1.5,16
IOLCP,2.0,21
IONEXCHANG,2.5,7
IPCALAB,1.5,15
IPL,2.5,14
IRB,2.5,7
IRCON,2.0,15
IRCTC,2.5,16
IREDA,1.5,7
IRFC,2.5,21
IRIS,2.5,12
IRISDOREME,2.5,13
IRMENERGY,3.0,15
ISEC,1.5,11
ISFT,2.5,13
ISGEC,2.0,10
ISMTLTD,3.0,18
ITBEES,2.5,7
ITC,1.5,14
ITDC,2.0,17
ITDCEM,2.0,20
ITETF,2.0,8
ITETFADD,3.0,16
ITI,1.5,15
ITIETF,3.0,7
IVC,2.0,17
IVP,3.0,7
IVZINGOLD,2.5,21
IVZINNIFTY,2.5,7
IWEL,2.0,8
IZMO,1.5,8
J&KBANK,1.5,12
JAGRAN,2.0,15
JAGSNPHARM,2.5,11
JAIBALAJI,1.5,8
JAICORPLTD,1.5,8
JAIPURKURT,1.5,21
JAMNAAUTO,2.0,18
JASH,3.0,7
JAYAGROGN,1.5,17
JAYBARMARU,2.5,7
JAYNECOIND,1.5,21
JAYSREETEA,1.5,20
JBCHEPHARM,1.5,11
JBMA,3.0,7
JCHAC,2.0,15
JETAIRWAYS,1.5,7
JETFREIGHT,1.5,7
JHS,2.5,19
JINDALPHOT,1.5,8
JINDALPOLY,1.5,11
JINDALSAW,3.0,20
JINDALSTEL,3.0,7
JINDRILL,1.5,20
JINDWORLD,3.0,7
JIOFIN,2.5,8
JISLDVREQS,2.5,16
JISLJALEQS,2.0,13
JITFINFRA,1.5,13
JKCEMENT,1.5,7
JKIL,1.5,16
JKLAKSHMI,1.5,20
JKPAPER,3.0,13
JKTYRE,2.0,13
JLHL,1.5,21
JMA,3.0,20
JMFINANCIL,3.0,19
JOCIL,3.0,10
JPASSOCIAT,1.5,21
JPOLYINVST,1.5,19
JPPOWER,2.0,7
JSFB,1.5,19
JSL,3.0,20
JSWENERGY,3.0,7
JSWHL,1.5,15
JSWINFRA,2.0,12
JSWSTEEL,2.5,18
JTEKTINDIA,1.5,14
JTLIND,3.0,8
JUBLFOOD,3.0,7
JUBLINDS,2.5,16
JUBLINGREA,2.0,16
JUBLPHARMA,1.5,21
JUNIORBEES,1.5,18
JUNIPER,1.5,10
JUSTDIAL,3.0,8
JWL,2.0,7
JYOTHYLAB,3.0,21
JYOTICNC,2.0,21
JYOTISTRUC,1.5,13
KABRAEXTRU,3.0,13
KAJARIACER,2.5,17
KAKATCEM,2.5,21
KALAMANDIR,2.5,10
KALYANIFRG,2.5,7
KALYANKJIL,3.0,21
KAMATHOTEL,2.5,18
KAMDHENU,2.5,20
KAMOPAINTS,3.0,21
KANANIIND,1.5,7
KANORICHEM,1.5,19
KANPRPLA,2.0,19
KANSAINER,3.0,11
KAPSTON,2.0,9
KARMAENG,3.0,10
KARURVYSYA,1.5,14
KAUSHALYA,2.0,10
KAVVERITEL,3.0,18
KAYA,1.5,7
KAYNES,3.0,11
KBCGLOBAL,2.5,10
KCP,2.5,7
KCPSUGIND,3.0,19
KDDL,3.0,21
KEC,2.5,9
KECL,1.5,17
KEEPLEARN,1.5,17
KEI,2.0,7
KELLTONTEC,2.5,21
KERNEX,1.5,7
KESORAMIND,3.0,12
KEYFINSERV,3.0,8
KFINTECH,3.0,11
KHADIM,3.0,15
KHAICHEM,1.5,16
KHAITANLTD,3.0,12
KHANDSE,3.0,7
KICL,1.5,14
KILITCH,1.5,13
KIMS,1.5,16
KINGFA,2.5,19
KIOCL,1.5,7
KIRIINDUS,1.5,21
KIRLOSBROS,3.0,21
KIRLOSENG,2.0,10
KIRLOSIND,1.5,20
KIRLPNU,1.5,20
KITEX,2.0,20
KKCL,2.0,9
KMSUGAR,3.0,14
KNRCON,2.5,18
KOHINOOR,3.0,7
KOKUYOCMLN,3.0,8
KOLTEPATIL,1.5,20
KOPRAN,2.0,15
KOTAKBANK,2.5,15
KOTAKGOLD,2.0,19
KOTAKSILVE,3.0,15
KOTARISUG,1.5,8
KOTHARIPET,2.5,8
KOTHARIPRO,2.0,16
KPIGREEN,2.5,21
KPIL,3.0,7
KPITTECH,1.5,8
KPRMILL,3.0,12
KRBL,1.5,15
KREBSBIO,1.5,16
KRIDHANINF,1.5,10
KRISHANA,3.0,19
KRITI,3.0,7
KRITIKA,1.5,21
KRITINUT,3.0,19
KRSNAA,1.5,11
KSB,3.0,21
KSCL,3.0,8
KSHITIJPOL,3.0,11
KSL,1.5,20
KSOLVES,2.0,10
KTKBANK,3.0,13
KUANTUM,2.0,10
L&TFH,2.0,20
LAGNAM,1.5,8
LAKPRE,2.0,7
LAL,1.5,7
LALPATHLAB,1.5,8
LAMBODHARA,1.5,8
LANDMARK,2.5,12
LAOPALA,1.5,7
LASA,3.0,10
LATENTVIEW,2.5,11
LATTEYS,2.5,15
LAURUSLABS,1.5,12
LAXMICOT,2.0,9
LAXMIMACH,1.5,10
LCCINFOTEC,3.0,14
LEMONTREE,1.5,17
LEXUS,2.0,20
LFIC,3.0,19
LGBBROSLTD,1.5,17
LGBFORGE,2.0,13
LGHL,1.5,18
LIBAS,1.5,9
LIBERTSHOE,3.0,19
LICHSGFIN,1.5,17
LICI,3.0,18
LICMFGOLD,3.0,8
LICNETFGSC,3.0,10
LICNETFN50,3.0,9
LICNETFSEN,2.0,7
LICNFNHGP,3.0,7
LICNMID100,1.5,20
LIKHITHA,1.5,14
LINC,3.0,8
LINCOLN,3.0,11
LINDEINDIA,2.0,19
LIQUID,2.5,7
LIQUIDBEES,2.0,9
LIQUIDCASE,2.5,13
LIQUIDETF,3.0,18
LIQUIDIETF,1.5,11
LIQUIDSBI,3.0,21
LLOYDSENGG,2.5,9
LLOYDSME,1.5,8
LODHA,1.5,16
LOKESHMACH,2.0,10
LORDSCHLO,2.5,7
LOTUSEYE,1.5,7
LOVABLE,1.5,19
LOWVOL,3.0,15
LOWVOLIETF,1.5,9
LOYALTEX,3.0,10
LPDC,3.0,14
LT,3.0,11
LTFOODS,3.0,7
LTGILTBEES,3.0,21
LTIM,3.0,15
LTTS,2.5,8
LUMAXIND,2.0,21
LUMAXTECH,2.5,9
LUPIN,3.0,18
LUXIND,1.5,10
LXCHEM,2.0,11
LYKALABS,1.5,16
LYPSAGEMS,3.0,9
M&M,3.0,7
M&MFIN,2.0,21
MAANALU,1.5,11
MACPOWER,2.5,17
MADHAV,3.0,16
MADHUCON,2.0,8
MADRASFERT,1.5,7
MAFANG,2.5,8
MAGADSUGAR,1.5,20
MAGNUM,1.5,17
MAHABANK,1.5,20
MAHAPEXLTD,1.5,9
MAHASTEEL,1.5,21
MAHEPC,2.5,21
MAHESHWARI,2.5,8
MAHKTECH,3.0,7
MAHLIFE,2.0,17
MAHLOG,1.5,11
MAHSCOOTER,3.0,8
MAHSEAMLES,1.5,7
MAITHANALL,2.5,12
MAKEINDIA,2.0,9
MALLCOM,1.5,8
MALUPAPER,1.5,16
MANAKALUCO,2.5,15
MANAKCOAT,1.5,8
MANAKSIA,1.5,7
MANAKSTEEL,1.5,20
MANALIPETC,3.0,7
MANAPPURAM,2.0,7
MANGALAM,3.0,14
MANGCHEFER,1.5,10
MANGLMCEM,2.0,21
MANINDS,2.0,19
MANINFRA,2.0,14
MANKIND,2.5,11
MANOMAY,2.5,8
MANORAMA,1.5,8
MANORG,1.5,11
MANUGRAPH,2.0,7
MANYAVAR,2.5,16
MAPMYINDIA,1.5,21
MARALOVER,2.0,15
MARATHON,1.5,21
MARICO,2.5,7
MARINE,3.0,11
MARKSANS,1.5,12
MARSHALL,1.5,9
MARUTI,1.5,13
MASFIN,1.5,7
MASPTOP50,2.5,7
MASTEK,1.5,9
MATRIMONY,1.5,8
MAWANASUG,1.5,9
MAXESTATES,2.0,20
MAXHEALTH,1.5,7
MAXIND,2.0,18
MAYURUNIQ,3.0,7
MAZDA,3.0,15
MAZDOCK,3.0,18
MBAPL,3.0,11
MBECL,1.5,20
MBLINFRA,1.5,7
MCDOWELL-N,1.5,17
MCL,1.5,11
MCLEODRUSS,1.5,20
MCX,2.0,17
MEDANTA,2.0,14
MEDIASSIST,1.5,20
MEDICAMEQ,1.5,12
MEDICO,3.0,17
MEDPLUS,2.0,11
MEGASOFT,1.5,19
MEGASTAR,2.5,11
MELSTAR,2.0,7
MENONBE,2.0,19
MEP,1.5,12
METALFORGE,1.5,7
METROBRAND,2.0,7
METROPOLIS,2.0,8
MFSL,1.5,12
MGEL,2.0,13
MGL,2.0,8
MHLXMIRU,1.5,15
MHRIL,3.0,12
MICEL,1.5,15
MID150BEES,2.0,7
MIDCAPIETF,2.0,12
MIDHANI,1.5,21
MIDQ50ADD,3.0,21
MIDSELIETF,2.5,8
MINDACORP,1.5,12
MINDTECK,1.5,8
MIRCELECTR,1.5,8
MIRZAINT,1.5,16
MITCON,1.5,18
MITTAL,1.5,7
MKPL,3.0,16
MMFL,3.0,20
MMP,3.0,7
MMTC,1.5,13
MODIRUBBER,2.0,8
MODISONLTD,3.0,15
MOGSEC,3.0,8
MOHEALTH,2.5,16
MOHITIND,3.0,7
MOIL,3.0,18
MOKSH,3.0,7
MOL,2.0,18
MOLDTECH,3.0,19
MOLDTKPAC,3.0,20
MOLOWVOL,1.5,12
MOM100,3.0,20
MOM50,3.0,15
MOMENTUM,2.0,19
MOMOMENTUM,3.0,13
MON100,2.5,9
MONARCH,2.5,16
MONIFTY500,2.5,14
MONQ50,2.5,11
MONTECARLO,3.0,13
MOQUALITY,3.0,8
MORARJEE,3.0,21
MOREPENLAB,1.5,8
MOTHERSON,2.5,10
MOTILALOFS,3.0,7
MOTISONS,2.5,7
MOTOGENFIN,1.5,7
MOVALUE,2.5,17
MPHASIS,3.0,7
MPSLTD,1.5,19
MRF,1.5,19
MRO-TEK,2.5,12
MRPL,1.5,8
MSPL,3.0,9
MSTCLTD,1.5,15
MSUMI,3.0,17
MTARTECH,1.5,12
MTEDUCARE,1.5,14
MTNL,1.5,14
MUFIN,3.0,14
MUFTI,1.5,20
MUKANDLTD,2.0,12
MUKTAARTS,1.5,15
MUNJALAU,2.0,21
MUNJALSHOW,1.5,7
MURUDCERA,3.0,10
MUTHOOTCAP,2.5,7
MUTHOOTFIN,3.0,20
MUTHOOTMF,2.0,18
MVGJL,3.0,14
NACLIND,3.0,16
NAGAFERT,1.5,7
NAGREEKCAP,3.0,14
NAGREEKEXP,1.5,8
NAHARCAP,2.0,7
NAHARINDUS,1.5,7
NAHARPOLY,3.0,9
NAHARSPING,2.5,21
NAM-INDIA,2.0,8
NARMADA,2.0,14
NATCOPHARM,2.0,7
NATHBIOGEN,1.5,7
NATIONALUM,1.5,18
NAUKRI,1.5,13
NAVA,1.5,15
NAVINFLUOR,1.5,20
NAVINIFTY,3.0,19
NAVKARCORP,1.5,15
NAVNETEDUL,1.5,17
NAZARA,2.0,18
NBCC,1.5,21
NBIFIN,2.5,11
NCC,1.5,19
NCLIND,3.0,10
NDGL,3.0,13
NDL,2.0,7
NDLVENTURE,3.0,7
NDRAUTO,1.5,7
NDTV,1.5,11
NECCLTD,1.5,7
NECLIFE,1.5,14
NELCAST,3.0,13
NELCO,1.5,11
NEOGEN,3.0,9
NESCO,2.5,18
NESTLEIND,3.0,7
NETF,2.5,8
NETWEB,3.0,18
NETWORK18,1.5,17
NEULANDLAB,1.5,9
NEWGEN,3.0,12
NEXT50,2.5,12
NEXT50IETF,3.0,9
NEXTMEDIA,2.5,21
NFL,1.5,21
NGIL,1.5,10
NGLFINE,1.5,7
NH,3.0,21
NHPC,1.5,7
NIACL,3.0,16
NIBL,2.0,7
NIF100BEES,3.0,11
NIF100IETF,1.5,7
NIF10GETF,3.0,8
NIF5GETF,2.0,8
NIFITETF,2.0,17
NIFMID150,1.5,11
NIFTY50ADD,3.0,19
NIFTYBEES,2.0,7
NIFTYETF,3.0,19
NIFTYIETF,1.5,21
NIFTYQLITY,3.0,10
NIITLTD,1.5,18
NIITMTS,3.0,8
NILAINFRA,1.5,10
NILASPACES,2.0,7
NILKAMAL,1.5,20
NINSYS,3.0,19
NIPPOBATRY,2.5,8
NIRAJ,2.0,14
NITCO,1.5,19
NITINSPIN,2.0,11
NITIRAJ,2.0,11
NKIND,3.0,9
NLCINDIA,2.5,8
NMDC,1.5,9
NOCIL,3.0,16
NOIDATOLL,2.0,21
NORBTEAEXP,3.0,21
NOVAAGRI,3.0,8
NPBET,3.0,20
NRAIL,1.5,20
NRBBEARING,2.5,8
NRL,1.5,7
NSIL,2.5,10
NSLNISP,2.5,10
NTPC,3.0,14
NUCLEUS,2.5,7
NURECA,3.0,11
NUVAMA,2.5,10
NUVOCO,1.5,7
NV20BEES,1.5,7
NV20IETF,3.0,10
NYKAA,3.0,14
OAL,2.5,11
OBCL,3.0,7
OBEROIRLTY,3.0,19
OCCL,2.5,10
OFSS,1.5,20
OIL,2.0,17
OILCOUNTUB,1.5,7
OLECTRA,2.0,19
OMAXAUTO,1.5,16
OMAXE,3.0,14
OMINFRAL,1.5,16
OMKARCHEM,1.5,19
ONELIFECAP,2.5,9
ONEPOINT,1.5,8
ONGC,2.5,20
ONMOBILE,1.5,14
ONWARDTEC,3.0,11
OPTIEMUS,1.5,21
ORBTEXP,3.0,18
ORCHPHARMA,2.0,18
ORICONENT,1.5,21
ORIENTALTL,2.0,19
ORIENTBELL,2.5,9
ORIENTCEM,1.5,21
ORIENTCER,1.5,13
ORIENTELEC,2.0,14
ORIENTHOT,3.0,8
ORIENTLTD,3.0,9
ORIENTPPR,3.0,11
ORISSAMINE,1.5,7
ORTINLAB,2.0,7
OSIAHYPER,2.5,17
OSWALAGRO,2.0,9
OSWALGREEN,1.5,8
OSWALSEEDS,1.5,15
PAGEIND,2.0,9
PAISALO,2.5,11
PAKKA,3.0,7
PALASHSECU,2.5,7
PALREDTEC,1.5,7
PANACEABIO,1.5,8
PANACHE,3.0,11
PANAMAPET,1.5,11
PANSARI,2.5,19
PAR,1.5,21
PARACABLES,3.0,14
PARADEEP,3.0,11
PARAGMILK,2.5,9
PARAS,2.5,8
PARASPETRO,1.5,7
PARKHOTELS,1.5,8
PARSVNATH,1.5,11
PASUPTAC,1.5,20
PATANJALI,2.0,12
PATELENG,1.5,20
PATINTLOG,1.5,10
PAVNAIND,2.5,19
PAYTM,1.5,19
PCBL,1.5,15
PCJEWELLER,1.5,21
PDMJEPAPER,2.5,14
PDSL,3.0,7
PEARLPOLY,3.0,7
PEL,2.5,19
PENIND,1.5,15
PENINLAND,1.5,9
PERSISTENT,3.0,7
PETRONET,2.5,18
PFC,2.5,16
PFIZER,2.5,13
PFOCUS,2.5,9
PFS,2.5,7
PGEL,2.5,19
PGHH,3.0,7
PGHL,1.5,21
PGIL,2.0,7
PHARMABEES,3.0,14
PHOENIXLTD,2.0,12
PIDILITIND,1.5,12
PIGL,1.5,17
PIIND,1.5,12
PILANIINVS,1.5,18
PILITA,1.5,7
PIONEEREMB,1.5,21
PITTIENG,1.5,11
PIXTRANS,3.0,8
PKTEA,3.0,9
PLASTIBLEN,3.0,13
PLAZACABLE,2.0,7
PNB,1.5,19
PNBGILTS,1.5,10
PNBHOUSING,1.5,9
PNC,2.0,10
PNCINFRA,1.5,8
POCL,2.0,9
PODDARHOUS,1.5,9
PODDARMENT,1.5,8
POKARNA,1.5,21
POLICYBZR,2.0,21
POLYCAB,2.0,11
POLYMED,3.0,13
POLYPLEX,2.5,7
PONNIERODE,3.0,21
POONAWALLA,2.0,17
POWERGRID,2.5,13
POWERINDIA,1.5,15
POWERMECH,2.0,20
PPAP,2.0,8
PPL,1.5,16
PPLPHARMA,2.0,7
PRAENG,1.5,10
PRAJIND,1.5,21
PRAKASH,1.5,13
PRAKASHSTL,2.0,12
PRAXIS,1.5,18
PRECAM,1.5,10
PRECOT,3.0,18
PRECWIRE,2.5,15
PREMEXPLN,1.5,19
PREMIER,1.5,17
PREMIERPOL,1.5,14
PRESTIGE,3.0,15
PRICOLLTD,2.5,17
PRIMESECU,3.0,17
PRINCEPIPE,1.5,17
PRITI,1.5,20
PRITIKAUTO,3.0,11
PRIVISCL,1.5,7
PROZONER,1.5,19
PRSMJOHNSN,1.5,16
PRUDENT,2.0,16
PRUDMOULI,3.0,7
PSB,2.0,7
PSPPROJECT,2.5,7
PSUBANKADD,2.0,10
PSUBNKBEES,2.0,10
PSUBNKIETF,3.0,8
PTC,2.5,20
PTCIL,2.5,21
PTL,2.0,21
PUNJABCHEM,2.5,21
PURVA,2.5,7
PVP,1.5,20
PVRINOX,3.0,15
PVTBANIETF,3.0,20
PVTBANKADD,3.0,10
PYRAMID,2.5,11
QGOLDHALF,3.0,12
QNIFTY,3.0,10
QUAL30IETF,3.0,7
QUESS,3.0,7
QUICKHEAL,2.5,14
RACE,2.5,10
RADHIKAJWE,1.5,9
RADIANTCMS,1.5,9
RADICO,2.5,18
RADIOCITY,2.0,9
RAILTEL,2.0,15
RAIN,2.0,21
RAINBOW,2.5,16
RAJESHEXPO,2.0,21
RAJMET,1.5,7
RAJRATAN,2.0,12
RAJRILTD,1.5,7
RAJSREESUG,1.5,19
RAJTV,1.5,13
RALLIS,3.0,15
RAMANEWS,2.0,9
RAMAPHO,1.5,7
RAMASTEEL,1.5,19
RAMCOCEM,1.5,16
RAMCOIND,2.5,14
RAMCOSYS,3.0,13
RAMKY,1.5,13
RAMRAT,3.0,7
RANASUG,1.5,13
RANEENGINE,3.0,12
RANEHOLDIN,3.0,7
RATEGAIN,2.5,15
RATNAMANI,3.0,7
RATNAVEER,1.5,10
RAYMOND,1.5,12
RBA,3.0,11
RBL,3.0,8
RBLBANK,1.5,18
RBZJEWEL,1.5,9
RCF,2.0,7
RECLTD,3.0,10
REDINGTON,2.0,20
REDTAPE,2.5,7
REFEX,2.5,9
REGENCERAM,2.5,10
RELAXO,3.0,17
RELCHEMQ,3.0,17
RELIANCE,3.0,7
RELIGARE,1.5,18
RELINFRA,1.5,17
REMSONSIND,1.5,10
RENUKA,1.5,7
REPCOHOME,1.5,19
REPL,1.5,10
REPRO,2.5,17
RESPONIND,3.0,8
RGL,3.0,8
RHFL,1.5,8
RHIM,3.0,14
RHL,1.5,7
RICOAUTO,3.0,16
RIIL,2.5,10
RISHABH,2.5,7
RITCO,2.0,14
RITES,3.0,13
RKDL,1.5,8
RKEC,3.0,10
RKFORGE,2.0,10
RML,3.0,7
ROHLTD,3.0,8
ROLEXRINGS,2.5,10
ROLLT,1.5,17
ROML,1.5,15
ROSSARI,3.0,11
ROSSELLIND,1.5,9
ROTO,1.5,8
ROUTE,1.5,18
RPGLIFE,1.5,14
RPOWER,1.5,7
RPPINFRA,2.0,9
RPPL,3.0,11
RPSGVENT,2.0,8
RPTECH,1.5,18
RRKABEL,3.0,17
RSSOFTWARE,3.0,21
RSWM,2.0,17
RSYSTEMS,1.5,20
RTNINDIA,1.5,16
RTNPOWER,2.0,17
RUBYMILLS,3.0,11
RUCHINFRA,1.5,14
RUCHIRA,3.0,7
RUPA,3.0,19
RUSHIL,2.5,19
RUSTOMJEE,1.5,18
RVHL,2.0,12
RVNL,3.0,18
S&SPOWER,1.5,7
SABEVENTS,3.0,21
SADBHAV,1.5,7
SADBHIN,2.0,18
SADHNANIQ,2.5,7
SAFARI,3.0,9
SAGARDEEP,1.5,21
SAGCEM,3.0,9
SAH,2.5,7
SAHYADRI,1.5,8
SAIL,1.5,19
SAKAR,1.5,7
SAKHTISUG,1.5,21
SAKSOFT,3.0,16
SAKUMA,3.0,16
SALASAR,1.5,21
SALONA,3.0,7
SALSTEEL,1.5,7
SALZERELEC,1.5,17
SAMBHAAV,3.0,8
SAMHI,2.5,20
SAMPANN,3.0,10
SANCO,1.5,13
SANDESH,3.0,17
SANDHAR,2.0,12
SANDUMA,2.0,13
SANGAMIND,2.0,21
SANGHIIND,1.5,14
SANGHVIMOV,2.0,8
SANGINITA,1.5,9
SANOFI,1.5,17
SANSERA,2.0,13
SAPPHIRE,1.5,9
SARDAEN,1.5,11
SAREGAMA,1.5,18
SARLAPOLY,1.5,21
SARVESHWAR,2.0,9
SASKEN,2.5,17
SASTASUNDR,1.5,7
SATIA,3.0,7
SATIN,3.0,7
SATINDLTD,2.5,16
SBC,2.0,17
SBCL,2.0,15
SBFC,3.0,21
SBGLP,1.5,21
SBICARD,2.5,16
SBIETFCON,2.5,14
SBIETFIT,3.0,15
SBIETFPB,1.5,9
SBIETFQLTY,3.0,7
SBILIFE,2.0,11
SBIN,1.5,14
SCHAEFFLER,2.0,8
SCHAND,2.5,7
SCHNEIDER,1.5,19
SCI,1.5,21
SCPL,1.5,18
SDBL,1.5,19
SDL24BEES,3.0,9
SDL26BEES,3.0,7
SEAMECLTD,3.0,15
SECMARK,2.0,9
SECURCRED,2.0,19
SECURKLOUD,1.5,11
SEJALLTD,3.0,20
SELAN,1.5,8
SELMC,1.5,20
SEMAC,3.0,15
SENCO,2.0,10
SENSEXADD,1.5,16
SENSEXETF,1.5,21
SENSEXIETF,1.5,12
SEPC,1.5,19
SEQUENT,1.5,8
SERVOTECH,3.0,10
SESHAPAPER,3.0,20
SETCO,1.5,10
SETF10GILT,3.0,7
SETFGOLD,2.5,12
SETFNIF50,3.0,19
SETFNIFBK,1.5,19
SETFNN50,2.0,9
SEYAIND,1.5,10
SFL,3.0,11
SGIL,3.0,21
SGL,2.0,7
SHAH,1.5,13
SHAHALLOYS,1.5,7
SHAILY,3.0,20
SHAKTIPUMP,1.5,17
SHALBY,2.0,19
SHALPAINTS,2.5,7
SHANKARA,3.0,18
SHANTI,1.5,10
SHANTIGEAR,1.5,12
SHARDACROP,1.5,16
SHARDAMOTR,1.5,18
SHAREINDIA,2.0,9
SHARIABEES,3.0,7
SHEMAROO,3.0,13
SHILPAMED,2.0,7
SHIVALIK,3.0,7
SHIVAMAUTO,3.0,11
SHIVAMILLS,1.5,14
SHIVATEX,3.0,7
SHK,2.0,13
SHOPERSTOP,3.0,8
SHRADHA,2.0,14
SHREDIGCEM,3.0,21
SHREECEM,2.5,7
SHREEPUSHK,1.5,10
SHREERAMA,1.5,7
SHRENIK,3.0,17
SHREYANIND,2.5,8
SHREYAS,1.5,12
SHRIPISTON,2.0,7
SHRIRAMFIN,2.0,21
SHRIRAMPPS,2.0,15
SHYAMCENT,3.0,7
SHYAMMETL,3.0,20
SHYAMTEL,3.0,8
SICALLOG,2.0,7
SIEMENS,3.0,17
SIGACHI,2.0,17
SIGIND,2.0,10
SIGMA,2.5,14
SIGNATURE,1.5,7
SIGNPOST,3.0,18
SIKKO,3.0,8
SIL,2.0,13
SILGO,2.0,7
SILINV,3.0,14
SILLYMONKS,2.5,9
SILVER,3.0,16
SILVERADD,1.5,16
SILVERBEES,2.5,19
SILVERETF,2.0,16
SILVERIETF,1.5,7
SILVERTUC,2.5,20
SILVRETF,3.0,14
SIMBHALS,1.5,9
SIMPLEXINF,1.5,18
SINDHUTRAD,2.0,12
SINTERCOM,3.0,10
SIRCA,1.5,8
SIS,3.0,12
SITINET,1.5,7
SIYSIL,1.5,16
SJS,3.0,11
SJVN,1.5,15
SKFINDIA,2.5,19
SKIPPER,2.5,15
SKMEGGPROD,3.0,12
SKYGOLD,3.0,14
SMALLCAP,2.0,7
SMARTLINK,3.0,21
SMCGLOBAL,1.5,20
SMLISUZU,2.5,20
SMLT,1.5,7
SMSLIFE,3.0,9
SMSPHARMA,2.5,8
SNOWMAN,2.0,10
SOBHA,3.0,9
SOFTTECH,1.5,7
SOLARA,1.5,20
SOLARINDS,2.0,10
SOMANYCERA,3.0,15
SOMATEX,1.5,12
SOMICONVEY,3.0,21
SONACOMS,1.5,19
SONAMLTD,3.0,15
SONATSOFTW,2.5,8
SOTL,3.0,9
SOUTHBANK,1.5,20
SOUTHWEST,1.5,21
SPAL,1.5,15
SPANDANA,1.5,11
SPARC,3.0,13
SPCENET,3.0,8
SPECIALITY,3.0,7
SPENCERS,1.5,9
SPIC,1.5,17
SPLIL,3.0,7
SPLPETRO,2.5,17
SPMLINFRA,2.5,21
SPORTKING,2.0,21
SPTL,1.5,11
SPYL,3.0,21
SREEL,2.5,20
SRF,2.5,21
SRGHFL,3.0,8
SRHHYPOLTD,3.0,10
SRPL,2.5,7
SSWL,2.0,20
STAR,2.0,21
STARCEMENT,1.5,16
STARHEALTH,1.5,12
STARPAPER,3.0,7
STARTECK,2.5,8
STCINDIA,1.5,21
STEELCAS,2.5,8
STEELCITY,3.0,11
STEELXIND,2.0,7
STEL,3.0,12
STERTOOLS,2.0,7
STLTECH,3.0,8
STOVEKRAFT,2.5,11
STYLAMIND,3.0,10
STYRENIX,3.0,13
SUBEXLTD,2.5,8
SUBROS,3.0,9
SUDARSCHEM,2.0,21
SUKHJITS,2.0,9
SULA,1.5,9
SUMEETINDS,1.5,10
SUMICHEM,3.0,10
SUMIT,3.0,9
SUMMITSEC,1.5,11
SUNCLAY,3.0,13
SUNDARAM,2.0,15
SUNDARMFIN,3.0,7
SUNDARMHLD,1.5,20
SUNDRMBRAK,3.0,11
SUNDRMFAST,2.5,13
SUNFLAG,3.0,12
SUNPHARMA,1.5,11
SUNTECK,1.5,15
SUNTV,1.5,15
SUPERHOUSE,2.0,8
SUPERSPIN,2.0,21
SUPRAJIT,3.0,10
SUPREMEIND,3.0,21
SUPREMEINF,2.0,8
SUPRIYA,3.0,21
SURAJEST,1.5,20
SURANASOL,3.0,16
SURANAT&P,3.0,7
SURYALAXMI,2.5,8
SURYAROSNI,1.5,17
SURYODAY,2.0,14
SUTLEJTEX,2.0,16
SUULD,2.0,7
SUVEN,3.0,7
SUVENPHAR,1.5,8
SUVIDHAA,1.5,7
SUZLON,3.0,8
SVLL,3.0,10
SVPGLOB,2.5,13
SWANENERGY,1.5,12
SWARAJENG,1.5,21
SWELECTES,1.5,10
SWSOLAR,2.5,12
SYMPHONY,1.5,7
SYNCOMF,3.0,12
SYNGENE,3.0,9
SYRMA,2.5,21
TAINWALCHM,3.0,7
TAJGVK,1.5,21
TAKE,3.0,7
TALBROAUTO,1.5,20
TANLA,1.5,21
TARAPUR,1.5,7
TARC,2.0,8
TARMAT,2.5,21
TARSONS,1.5,19
TASTYBITE,1.5,7
TATACHEM,1.5,15
TATACOMM,3.0,13
TATACONSUM,2.5,8
TATAELXSI,2.0,21
TATAGOLD,1.5,17
TATAINVEST,2.0,21
TATAMOTORS,3.0,15
TATAMTRDVR,1.5,10
TATAPOWER,2.0,7
TATASTEEL,1.5,7
TATATECH,2.5,7
TATSILV,1.5,7
TATVA,1.5,17
TBZ,1.5,9
TCI,3.0,15
TCIEXP,2.0,12
TCLCONS,1.5,9
TCNSBRANDS,3.0,21
TCPLPACK,2.5,16
TCS,1.5,10
TDPOWERSYS,1.5,10
TEAMLEASE,2.0,8
TECH,2.5,9
TECHIN,1.5,9
TECHM,3.0,14
TECHNOE,1.5,8
TECILCHEM,1.5,21
TEGA,2.5,10
TEJASNET,1.5,9
TEMBO,2.5,8
TERASOFT,3.0,7
TEXINFRA,1.5,12
TEXMOPIPES,2.0,19
TEXRAIL,2.0,16
TFCILTD,1.5,16
TFL,3.0,19
TGBHOTELS,2.0,8
THANGAMAYL,2.0,19
THEINVEST,1.5,21
THEJO,1.5,18
THEMISMED,3.0,20
THERMAX,3.0,19
THOMASCOOK,2.5,8
THOMASCOTT,1.5,7
THYROCARE,3.0,13
TI,1.5,16
TIDEWATER,1.5,8
TIIL,1.5,17
TIINDIA,1.5,7
TIJARIA,2.5,11
TIMESGTY,2.0,7
TIMETECHNO,3.0,9
TIMKEN,2.0,9
TIPSFILMS,3.0,7
TIPSINDLTD,2.0,7
TIRUMALCHM,1.5,8
TIRUPATIFL,3.0,8
TITAGARH,1.5,17
TITAN,2.5,21
TMB,2.5,19
TNIDETF,1.5,9
TNPETRO,3.0,16
TNPL,2.5,21
TNTELE,2.0,10
TOKYOPLAST,2.0,8
TORNTPHARM,3.0,14
TORNTPOWER,2.5,16
TOTAL,3.0,12
TOUCHWOOD,3.0,19
TPHQ,1.5,12
TPLPLASTEH,1.5,21
TRACXN,3.0,9
TREEHOUSE,1.5,7
TREJHARA,2.5,17
TREL,2.0,13
TRENT,2.5,11
TRF,1.5,21
TRIDENT,2.0,21
TRIGYN,1.5,11
TRIL,2.5,20
TRITURBINE,3.0,19
TRIVENI,2.0,9
TRU,2.0,11
TTKHLTCARE,1.5,17
TTKPRESTIG,2.5,11
TTL,2.0,7
TTML,1.5,17
TV18BRDCST,1.5,11
TVSELECT,1.5,10
TVSHLTD,2.0,7
TVSMOTOR,3.0,7
TVSSCS,2.0,12
TVSSRICHAK,3.0,21
TVTODAY,1.5,11
TVVISION,1.5,17
UBL,1.5,19
UCAL,2.5,21
UCOBANK,1.5,18
UDS,2.5,13
UFLEX,1.5,19
UFO,2.0,8
UGARSUGAR,3.0,17
UGROCAP,3.0,15
UJJIVANSFB,2.0,12
ULTRACEMCO,2.5,19
UMAEXPORTS,3.0,21
UMANGDAIRY,3.0,19
UMESLTD,2.5,14
UNICHEMLAB,3.0,15
UNIDT,2.0,7
UNIENTER,1.5,18
UNIINFO,3.0,13
UNIONBANK,1.5,18
UNIPARTS,2.0,16
UNITECH,2.5,16
UNITEDPOLY,1.5,7
UNITEDTEA,3.0,8
UNIVASTU,3.0,13
UNIVCABLES,1.5,13
UNIVPHOTO,2.0,18
UNOMINDA,3.0,21
UPL,1.5,13
URAVI,3.0,19
URJA,1.5,14
USHAMART,3.0,8
USK,2.0,15
UTIAMC,3.0,19
UTIBANKETF,1.5,7
UTINEXT50,3.0,8
UTINIFTETF,3.0,7
UTISENSETF,3.0,11
UTISXN50,3.0,16
UTKARSHBNK,1.5,12
UTTAMSUGAR,1.5,10
V2RETAIL,1.5,18
VADILALIND,2.5,10
VAIBHAVGBL,1.5,7
VAISHALI,3.0,9
VAKRANGEE,1.5,16
VALIANTLAB,2.5,13
VALIANTORG,1.5,8
VARDHACRLC,1.5,9
VARDMNPOLY,2.0,7
VARROC,1.5,17
VASCONEQ,3.0,7
VASWANI,1.5,21
VBL,3.0,13
VCL,1.5,16
VEDL,1.5,19
VENKEYS,1.5,20
VENUSPIPES,2.5,10
VENUSREM,3.0,7
VERANDA,3.0,7
VERTOZ,2.0,12
VESUVIUS,3.0,16
VETO,2.0,18
VGUARD,2.0,21
VHL,3.0,9
VIDHIING,3.0,16
VIJAYA,1.5,21
VIJIFIN,2.0,13
VIKASECO,1.5,17
VIKASLIFE,1.5,21
VIMTALABS,2.5,21
VINATIORGA,2.5,13
VINDHYATEL,1.5,19
VINEETLAB,1.5,7
VINNY,3.0,18
VINYLINDIA,2.5,18
VIPCLOTHNG,2.0,18
VIPIND,1.5,21
VIPULLTD,1.5,17
VIRINCHI,1.5,20
VISAKAIND,2.0,7
VISESHINFO,1.5,7
VISHNU,2.0,8
VISHWARAJ,3.0,7
VIVIDHA,3.0,9
VLEGOV,1.5,9
VLSFINANCE,1.5,10
VMART,1.5,16
VOLTAMP,2.0,19
VOLTAS,2.5,20
VPRPL,1.5,13
VRLLOG,1.5,10
VSSL,1.5,9
VSTIND,3.0,10
VSTL,1.5,8
VSTTILLERS,2.0,20
VTL,1.5,8
WABAG,1.5,9
WALCHANNAG,1.5,8
WANBURY,2.5,15
WEALTH,2.5,16
WEBELSOLAR,1.5,7
WEIZMANIND,1.5,15
WEL,2.5,12
WELCORP,1.5,19
WELENT,3.0,9
WELINV,3.0,7
WELSPUNLIV,1.5,20
WENDT,1.5,15
WESTLIFE,3.0,10
WEWIN,2.0,7
WHEELS,3.0,7
WHIRLPOOL,2.0,9
WILLAMAGOR,3.0,12
WINDLAS,1.5,7
WINDMACHIN,2.5,21
WINSOME,1.5,8
WIPL,3.0,9
WIPRO,3.0,21
WOCKPHARMA,1.5,20
WONDERLA,3.0,7
WORTH,3.0,7
WSI,2.0,8
WSTCSTPAPR,1.5,15
XCHANGING,3.0,16
XELPMOC,2.5,16
XPROINDIA,3.0,10
YAARI,1.5,7
YASHO,1.5,7
YATHARTH,1.5,7
YATRA,3.0,17
YESBANK,1.5,21
YUKEN,2.0,7
ZAGGLE,1.5,7
ZEEL,2.5,9
ZEELEARN,1.5,16
ZEEMEDIA,3.0,11
ZENITHEXPO,2.0,21
ZENITHSTL,3.0,16
ZENSARTECH,2.0,21
ZENTEC,1.5,17
ZFCVINDIA,1.5,9
ZIMLAB,1.5,20
ZODIAC,2.5,18
ZODIACLOTH,2.5,20
ZOMATO,3.0,21
ZOTA,1.5,14
ZUARI,1.5,20
ZUARIIND,1.5,21
ZYDUSLIFE,3.0,19
ZYDUSWELL,3.0,11
